<?xml version="1.0" encoding="UTF-8"?>
<beans:beans xmlns="http://www.springframework.org/schema/mvc"
	xmlns:xsi="http://www.w3.org/2001/XMLSchema-instance"
	xmlns:beans="http://www.springframework.org/schema/beans"
	xmlns:context="http://www.springframework.org/schema/context"
	xsi:schemaLocation="http://www.springframework.org/schema/mvc https://www.springframework.org/schema/mvc/spring-mvc.xsd
		http://www.springframework.org/schema/beans https://www.springframework.org/schema/beans/spring-beans.xsd
		http://www.springframework.org/schema/context https://www.springframework.org/schema/context/spring-context.xsd">

	<!-- DispatcherServlet Context: defines this servlet's request-processing infrastructure -->
	
	<!-- Enables the Spring MVC @Controller programming model -->
	<annotation-driven />

	<!-- Handles HTTP GET requests for /resources/** by efficiently serving up static resources in the ${webappRoot}/resources directory -->
	<resources mapping="/resources/**" location="/resources/" />

	<!-- Resolves views selected for rendering by @Controllers to .jsp resources in the /WEB-INF/views directory -->
	<beans:bean class="org.springframework.web.servlet.view.InternalResourceViewResolver">
		<beans:property name="prefix" value="/WEB-INF/views/" />
		<beans:property name="suffix" value=".jsp" />
	</beans:bean>
	
	<context:component-scan base-package="kr.co.sloop" />

	<!-- 김지원 - 주석 아래로 작성 -->

	<!-- 박석은 - 주석 아래로 작성 -->

	<!-- 이지연 - 주석 아래로 작성 -->
	<!-- ckeditor -->
	<!-- 사진 업로드 -->
	<beans:bean id="multipartResolver" class="org.springframework.web.multipart.commons.CommonsMultipartResolver">
		<!-- 첨부 파일 한 개의 용량 제한 2,500,000 bytes = 25MB 25000000 -->
		<beans:property name="maxUploadSize" value="25000000"/>
		<!-- 한 번의 첨부파일 업로드 시, 여러 첨부 파일의 누적 메모리 크기의 최대 값 125,000,000 bytes = 125MB = 25MB * 5개  125000000-->
		<beans:property name="maxInMemorySize" value="125000000" />
		<!-- 기본 인코딩 -->
		<beans:property name="defaultEncoding" value="utf-8"/>
	</beans:bean>
	<!-- ckeditor 통해 업로드된 사진의 저장 경로 -->
	<!-- 윈도우 경로 수정 필수 -->
	<beans:bean class="java.lang.String" id="uploadPath">
		<!--<beans:constructor-arg value="/Users/thegreatjy/Documents"/>-->
		<beans:constructor-arg value="D:\\upload\\temp"/>
	</beans:bean>
	<resources mapping="/uploads/**" location="/resources/uploads/" />

	<!-- 이창규 - 주석 아래로 작성 -->

	<!-- 차소영 - 주석 아래로 작성 -->

	<!-- 최지혜 - 주석 아래로 작성 -->

</beans:beans>
